<?xml version="1.0" encoding="UTF-8"?>
<beans xmlns="http://www.springframework.org/schema/beans"
	   xmlns:xsi="http://www.w3.org/2001/XMLSchema-instance" 
	   xmlns:mvc="http://www.springframework.org/schema/mvc"
	   xmlns:context="http://www.springframework.org/schema/context"
	   xsi:schemaLocation="http://www.springframework.org/schema/beans http://www.springframework.org/schema/beans/spring-beans.xsd
                           http://www.springframework.org/schema/mvc http://www.springframework.org/schema/mvc/spring-mvc.xsd
                           http://www.springframework.org/schema/context http://www.springframework.org/schema/context/spring-context.xsd"
>

	<!-- Spring MVC deserves all http requests (/*) -->
	<mvc:default-servlet-handler/>

	<!-- Enable Spring MVC @Controller programming model -->
	<context:component-scan base-package="org.talcot.logviewer.controller, org.talcot.logviewer.mvc" />
	<mvc:annotation-driven />

	<!-- Enable Tiles Layout Templating -->
	<mvc:tiles-configurer preparer-factory="org.springframework.web.servlet.view.tiles3.SpringBeanPreparerFactory">
		<mvc:definitions location="/WEB-INF/tiles.xml"/>
	</mvc:tiles-configurer>
    
	<!-- Enable Tiles View Resolver -->
	<mvc:view-resolvers>
		<mvc:tiles />
	</mvc:view-resolvers>
    
	<!-- Configure Third-Party Static Web Resources -->
	<mvc:resources mapping="/resources/webjars/**" location="classpath:/META-INF/resources/webjars/" cache-period="31536000" />
	
	<!-- Configure Project Static Web Resources -->
	<context:property-placeholder location="META-INF/MANIFEST.MF"/>
	<mvc:resources mapping="/resources/${Implementation-Version}/js/**" location="/js/" cache-period="31536000" />
	<mvc:resources mapping="/resources/${Implementation-Version}/css/**" location="/css/" cache-period="31536000" />
	
</beans>