<?xml version="1.0"?>
<ImportSession>
  <Batches>
    <Batch>
      <BatchFields>
        <BatchField Name="Scan Date" Value="6/29/2020 1:39:05 PM" />
        <BatchField Name="Operator ID" Value="1" />
        <BatchField Name="Scanner ID" Value="PCUS44081" />
      </BatchFields>
      <Documents>
        <Document>
          <Files>
            <File Filename="10000001.jpg" />
            <File Filename="20000001.jpg" />
          </Files>
          <Codes>
            <Code Barcode="CK056779" />
            <Code MICR=":325280039: 942&lt;1234567&lt;" />
          </Codes>
        </Document>
        <Document>
          <Files>
            <File Filename="10000002.jpg" />
            <File Filename="20000002.jpg" />
          </Files>
          <Codes>
            <Code Barcode="CK056776" />
            <Code MICR=":322286094: 4321=00112200&lt; 023" />
          </Codes>
        </Document>
        <Document>
          <Files>
            <File Filename="10000003.jpg" />
            <File Filename="20000003.jpg" />
          </Files>
          <Codes>
            <Code Barcode="CK056777" />
            <Code MICR=":121000578: 764=27364&lt; 123" />
          </Codes>
        </Document>
        <Document>
          <Files>
            <File Filename="10000004.jpg" />
            <File Filename="20000004.jpg" />
          </Files>
          <Codes>
            <Code Barcode="CK056775" />
            <Code MICR=":061119561: 376&lt;123456789&lt; 22" />
          </Codes>
        </Document>
        <Document>
          <Files>
            <File Filename="10000005.jpg" />
            <File Filename="20000005.jpg" />
          </Files>
          <Codes>
            <Code Barcode="CK059826" />
            <Code MICR=":104906547: 1212171717&lt; 690" />
          </Codes>
        </Document>
      </Documents>
    </Batch>
  </Batches>
</ImportSession>