<?xml version="1.0" encoding="UTF-8"?>
<beans:beans xmlns:beans="http://www.springframework.org/schema/beans"
	   xmlns="http://www.springframework.org/schema/security"
	   xmlns:xsi="http://www.w3.org/2001/XMLSchema-instance" 
	   xsi:schemaLocation="http://www.springframework.org/schema/beans http://www.springframework.org/schema/beans/spring-beans.xsd
                           http://www.springframework.org/schema/security http://www.springframework.org/schema/security/spring-security.xsd">
	<authentication-manager>
		<authentication-provider>
			<password-encoder hash="md5"/>
			<user-service>
				<user name="CO25580" password="e62dce309e80b706c98d202653f77bef" authorities="DEV, SIT" />
				<user name="user2" password="e62dce309e80b706c98d202653f77bef" authorities="DEV" />
				<user name="user3" password="e62dce309e80b706c98d202653f77bef" authorities="SIT" />
			</user-service>
		</authentication-provider>
	</authentication-manager>
</beans:beans>