<?xml version="1.0" encoding="UTF-8"?>
<logviewer-config>
    <log-access-config id="Prime-DEV" type="SSH" user="primewldev" password="welcome00" host="lad1wlmhd1003.thehartford.com" trust="true" directory="/tech/appl/prime9/dailylog/dev-prime/dev-prime_m01/" display-group="Prime" authorized-roles="DEV" authorized-users="CO25580"/>
    <log-access-config id="Prime-SIT" type="SSH" user="primewldev" password="welcome00" host="lad1wlmhd1003.thehartford.com" trust="true" directory="/tech/appl/prime9/dailylog/sit-prime/sit-prime_m01" display-group="Prime" authorized-roles="SIT" authorized-users="CO25580 user3" />
	<log-access-config id="Prime-QA" type="SSH" user="primewldev" password="welcome00" host="lad1wlmhd1003.thehartford.com" trust="true" directory="/tech/appl/prime9/dailylog/sit-prime/sit-prime_m01" display-group="Prime" authorized-roles="SIT" authorized-users="CO25580 user3" />
	<log-access-config id="Prime-PROD_DC1" type="SSH" user="primewldev" password="welcome00" host="lad1wlmhd1003.thehartford.com" trust="true" directory="/tech/appl/prime9/dailylog/sit-prime/sit-prime_m01" display-group="Prime" authorized-roles="SIT" authorized-users="CO25580 user3" />
	<log-access-config id="Prime-PROD_DC2" type="SSH" user="primewldev" password="welcome00" host="lad1wlmhd1003.thehartford.com" trust="true" directory="/tech/appl/prime9/dailylog/sit-prime/sit-prime_m01" display-group="Prime" authorized-roles="SIT" authorized-users="CO25580 user3" />
	<log-access-config id="ASC-DEV" type="SSH" user="primewldev" password="welcome00" host="lad1wlmhd1003.thehartford.com" trust="true" directory="/tech/appl/prime9/dailylog/dev-prime/dev-prime_m01/" display-group="ASC" authorized-roles="DEV" authorized-users="CO25580"/>
    <log-access-config id="ASC-SIT" type="SSH" user="primewldev" password="welcome00" host="lad1wlmhd1003.thehartford.com" trust="true" directory="/tech/appl/prime9/dailylog/sit-prime/sit-prime_m01" display-group="ASC" authorized-roles="SIT" authorized-users="CO25580 user3" />
	<log-access-config id="ASC-QA" type="SSH" user="primewldev" password="welcome00" host="lad1wlmhd1003.thehartford.com" trust="true" directory="/tech/appl/prime9/dailylog/sit-prime/sit-prime_m01" display-group="ASC" authorized-roles="SIT" authorized-users="CO25580 user3" />
	<log-access-config id="ASC-PROD_DC1" type="SSH" user="primewldev" password="welcome00" host="lad1wlmhd1003.thehartford.com" trust="true" directory="/tech/appl/prime9/dailylog/sit-prime/sit-prime_m01" display-group="ASC" authorized-roles="SIT" authorized-users="CO25580 user3" />
	<log-access-config id="ASC-PROD_DC2" type="SSH" user="primewldev" password="welcome00" host="lad1wlmhd1003.thehartford.com" trust="true" directory="/tech/appl/prime9/dailylog/sit-prime/sit-prime_m01" display-group="ASC" authorized-roles="SIT" authorized-users="CO25580 user3" />
</logviewer-config>