<?xml version="1.0" encoding="UTF-8"?>
<Context>
		<!-- If enabled, every result in LogNavigator is fake result (provided by FakeLogAccessService) -->
<!-- 	<Environment name="fake" value="true" type="java.lang.Boolean" /> -->

		<!-- Custom here the location of lognavigator config file : file:path or classpath:path -->
<!-- 	<Environment name="lognavigator.config" value="file:/path/to/lognavigator.xml" type="java.lang.String" /> -->

		<!-- Enable here spring-security so that log access is protected by login/password and role-based authorization -->
<!-- 	<Environment name="spring.profiles.active" value="security-enabled" type="java.lang.String" /> -->

		<!-- Custom here the location of lognavigator authentication config file : file:path or classpath:path -->
<!-- 	<Environment name="lognavigator.authentication.config" value="file:/path/to/lognavigator-authentication-context.xml" type="java.lang.String" /> -->

		<!-- Custom here the list of forbidden commands (default is: rm,rmdir,mkdir,mv,kill,killall,ssh,chmod,chown,vi,touch) -->
<!-- 	<Environment name="forbidden.commands" value="rm,rmdir,mkdir,mv,kill,killall,ssh,chmod,chown,vi,touch,ps" type="java.lang.String" /> -->

		<!-- Custom here the maximum file count displayed in the file list screen (default is: 1000) -->
<!-- 	<Environment name="filelist.maxcount" value="1500" type="java.lang.Integer" /> -->

		<!-- Custom here if external paths are blocked in the file list screen (default is: false) -->
<!-- 	<Environment name="filelist.blockexternalpaths" value="true" type="java.lang.Boolean" /> -->

		<!-- Custom here the default encoding used to read command output (default is: UTF-8) -->
<!-- 	<Environment name="default.encoding" value="ISO-8859-1" type="java.lang.String" /> -->

</Context>