<?xml version="1.0" encoding="UTF-8" standalone="no"?>

	<DIU xmlns="http://www.cognizant.com/DataQual">

    <metadata>

        <group type="">

            <subgroup type="">

                <page docpagno="1" doctype="Licensing" no="1" version="Licensing">

                    <section id="1" name="Indexing Fields">

                        <subsection hasRepeat="false" id="1" name="Indexing Fields">
						
							<column datatype="Varchar" editable="true" isMandatory="" label="ContractID" name="ContractID"/>
							
							<column datatype="Varchar" editable="true" isMandatory="" label="AnnutantId" name="AnnutantId"/>
							
							<column datatype="Varchar" editable="true" isMandatory="" label="TAXID" name="TAXID"/>				
							
                            <column datatype="Varchar" editable="true" isMandatory="" label="FirstName" name="FirstName"/>
							
							<column datatype="Varchar" editable="true" isMandatory="" label="LastName" name="LastName"/>
							
							<column datatype="Varchar" editable="true" isMandatory="" label="MiddleName" name="MiddleName"/>
							
							<column datatype="Varchar" editable="true" isMandatory="" label="ContractStatusCode" name="ContractStatusCode"/>

                            <column datatype="Varchar" editable="true" isMandatory="" label="ProductTypeCode" name="ProductTypeCode"/>
							
							<column datatype="Varchar" editable="true" isMandatory="" label="OrganizationName" name="OrganizationName"/>
							
							<column datatype="Varchar" editable="true" isMandatory="" label="RoleType" name="RoleType"/>
							
							<column datatype="Varchar" editable="true" isMandatory="" label="Keyed State Code" name="Keyed State Code"/>
							
							<column datatype="Varchar" editable="true" isMandatory="" label="Dollar Amount" name="Dollar Amount"/>

                            <column datatype="Varchar" editable="true" isMandatory="" label="ABA routing number" name="ABA routing number"/>
							
							<column datatype="Varchar" editable="true" isMandatory="" label="AddressLine1" name="AddressLine1"/>

                            <column datatype="Varchar" editable="true" isMandatory="" label="AddressLine2" name="AddressLine2"/>
							
							<column datatype="Varchar" editable="true" isMandatory="" label="AddressLine3" name="AddressLine3"/>

                            <column datatype="Varchar" editable="true" isMandatory="" label="AddressLine4" name="AddressLine4"/>	

							<column datatype="Varchar" editable="true" isMandatory="" label="StateCode" name="StateCode"/>
							
						    <column datatype="Varchar" editable="true" isMandatory="" label="Multi Indicator" name="Multi Indicator"/>

                            <column datatype="Varchar" editable="true" isMandatory="" label="NPNNumber" name="NPNNumber"/>

                        </subsection>

                        <subsection hasRepeat="false" id="2" name="Additional Details">
                           
							<column datatype="Varchar" editable="true" isMandatory="" label="DocTypeCode" name="DocTypeCode"/>
							
							<column datatype="Varchar" editable="true" isMandatory="" label="DocDetailsTypeCode" name="DocDetailsTypeCode"/>
                            			
						   	<column datatype="Varchar" editable="true" isMandatory="" label="City" name="City"/>

                            <column datatype="Varchar" editable="true" isMandatory="" label="ZipCode" name="ZipCode"/>

                            <column datatype="Varchar" editable="true" isMandatory="" label="ZipCodeSuffix" name="ZipCodeSuffix"/>
							
							<column datatype="Varchar" editable="true" isMandatory="" label="ContractStatus" name="ContractStatus"/>
							
							<column datatype="Varchar" editable="true" isMandatory="" label="RoleTypeCode" name="RoleTypeCode"/>
							
							<column datatype="Varchar" editable="true" isMandatory="" label="RiderCode" name="RiderCode"/>
							
							<column datatype="Varchar" editable="true" isMandatory="" label="CaseID" name="CaseID"/>
							
							<column datatype="Varchar" editable="true" isMandatory="" label="RPSCaseID" name="RPSCaseID"/>

                            <column datatype="Varchar" editable="true" isMandatory="" label="AddressType" name="AddressType"/>
							
							<column datatype="Varchar" editable="true" isMandatory="" label="TaxIDTypeCode" name="TaxIDTypeCode"/>
							
							<column datatype="Varchar" editable="true" isMandatory="" label="MailAddressEffectiveDate" name="MailAddressEffectiveDate"/>

                            <column datatype="Varchar" editable="true" isMandatory="" label="AddressTypeCode" name="AddressTypeCode"/>
							
							<column datatype="Varchar" editable="true" isMandatory="" label="AddressEffectiveDate" name="AddressEffectiveDate"/>

                            <column datatype="Varchar" editable="true" isMandatory="" label="AddressID" name="AddressID"/>
							
							<column datatype="Varchar" editable="true" isMandatory="" label="DirectoryID" name="DirectoryID"/>
                            
							<column datatype="Varchar" editable="true" isMandatory="" label="SignatureOnFileIndicator" name="SignatureOnFileIndicator"/>
							
							<column datatype="Varchar" editable="true" isMandatory="" label="ClientID" name="ClientID"/>
							
							<column datatype="Varchar" editable="true" isMandatory="" label="DirectoryStatusCode" name="DirectoryStatusCode"/>
							
							<column datatype="Varchar" editable="true" isMandatory="" label="CRDNumber" name="CRDNumber"/>

                            <column datatype="Varchar" editable="true" isMandatory="" label="RestrictIndicator" name="RestrictIndicator"/>
                            
							<column datatype="Varchar" editable="true" isMandatory="" label="CountryCode" name="CountryCode"/>

                            <column datatype="Varchar" editable="true" isMandatory="" label="InvalidAddressInd" name="InvalidAddressInd"/>
							
							<column datatype="Varchar" editable="true" isMandatory="" label="LookupSource" name="LookupSource"/>

                            <column datatype="Varchar" editable="true" isMandatory="" label="UploadStatus" name="UploadStatus"/>
							
							<column datatype="Varchar" editable="true" isMandatory="" label="On-us" name="On-us"/>

                            <column datatype="Varchar" editable="true" isMandatory="" label="Aux-on-us" name="Aux-on-us"/>
							
							<column datatype="Varchar" editable="true" isMandatory="" label="EPC" name="EPC"/>

                            <column datatype="Varchar" editable="true" isMandatory="" label="CheckType" name="CheckType"/>
							
                        </subsection>

                    </section>

                </page>

            </subgroup>

        </group>

    </metadata>

    <data>

        <group type="">

            <subgroup type="">

                <page docpagno="1" doctype="Licensing" no="1" version="Licensing">

                    <section id="1" name="Indexing Fields">

                        <subsection hasRepeat="false" id="1" name="Indexing Fields">

                            <row value="0">

								<column datatype="Varchar" isMandatory=""  name="ContractId">ContractId</column>
							
								<column datatype="Varchar"  isMandatory="" name="AnnutantId">AnnutantId</column>
							
								<column datatype="Varchar" isMandatory="" name="TAXID">TAXID</column>
							 
								<column datatype="Varchar"  isMandatory=""  name="FirstName">FirstName</column>
							
								<column datatype="Varchar"  isMandatory=""  name="LastName">LastName</column>
							
								<column datatype="Varchar"  isMandatory=""  name="MiddleName">MiddleName</column>
							
								<column datatype="Varchar"  isMandatory=""  name="ContractStatusCode">ContractStatusCode</column>
							
								<column datatype="Varchar"  isMandatory=""  name="ProductTypeCode">ProductTypeCode</column>
							
								<column datatype="Varchar"  isMandatory=""  name="OrganizationName">OrganizationName</column>
							
								<column datatype="Varchar"  isMandatory=""  name="RoleType">RoleType</column>
							
								<column datatype="Varchar"  isMandatory=""  name="Keyed State Code">Keyed State Code</column>
							
								<column datatype="Varchar"  isMandatory=""  name="Dollar Amount">Dollar Amount</column>
							
								<column datatype="Varchar"  isMandatory=""  name="ABA routing number">ABA routing number</column>
							
								<column datatype="Varchar"  isMandatory=""  name="AddressLine1">AddressLine1</column>
							
								<column datatype="Varchar"  isMandatory="" name="AddressLine2">AddressLine2</column>
							
								<column datatype="Varchar"  isMandatory=""  name="AddressLine3">AddressLine3</column>
							
								<column datatype="Varchar"  isMandatory=""  name="AddressLine4">AddressLine4</column>
							
								<column datatype="Varchar"  isMandatory=""  name="StateCode">StateCode</column>
							
								<column datatype="Varchar"  isMandatory=""  name="Multi Indicator">Multi Indicator</column>
							
								<column datatype="Varchar"  isMandatory=""  name="NPNNumber">NPNNumber</column>

                            </row>

                            <row value="1">
							
								<column confScore="" coordinates="0,0,0,0" datatype="Varchar" isMandatory="" name="ContractId" spChar="" spellError=""/>
								
								<column confScore="" coordinates="0,0,0,0" datatype="Varchar" isMandatory="" name="AnnutantId" spChar="" spellError=""/>
								
								<column confScore="" coordinates="0,0,0,0" datatype="Varchar" isMandatory="" name="TAXID" spChar="" spellError=""/>
								
								<column confScore="" coordinates="0,0,0,0" datatype="Varchar" isMandatory="" name="FirstName" spChar="" spellError=""/>
								
								<column confScore="" coordinates="0,0,0,0" datatype="Varchar" isMandatory="" name="LastName" spChar="" spellError=""/>
								
								<column confScore="" coordinates="0,0,0,0" datatype="Varchar" isMandatory="" name="MiddleName" spChar="" spellError=""/>
								
								<column confScore="" coordinates="0,0,0,0" datatype="Varchar" isMandatory="" name="ContractStatusCode" spChar="" spellError=""/>
								
								<column confScore="" coordinates="0,0,0,0" datatype="Varchar" isMandatory="" name="ProductTypeCode" spChar="" spellError=""/>
								
								<column confScore="" coordinates="0,0,0,0" datatype="Varchar" isMandatory="" name="OrganizationName" spChar="" spellError=""/>
								
								<column confScore="" coordinates="0,0,0,0" datatype="Varchar" isMandatory="" name="RoleType" spChar="" spellError=""/>
								
								<column confScore="" coordinates="0,0,0,0" datatype="Varchar" isMandatory="" name="Keyed State Code" spChar="" spellError=""/>
								
								<column confScore="" coordinates="0,0,0,0" datatype="Varchar" isMandatory="" name="Dollar Amount" spChar="" spellError=""/>
								
								<column confScore="" coordinates="0,0,0,0" datatype="Varchar" isMandatory="" name="ABA routing number" spChar="" spellError=""/> 
								
								<column confScore="" coordinates="0,0,0,0" datatype="Varchar" isMandatory="" name="AddressLine1" spChar="" spellError=""/>
								
								<column confScore="" coordinates="0,0,0,0" datatype="Varchar" isMandatory="" name="AddressLine2" spChar="" spellError=""/>
								
								<column confScore="" coordinates="0,0,0,0" datatype="Varchar" isMandatory="" name="AddressLine3" spChar="" spellError=""/>
								
								<column confScore="" coordinates="0,0,0,0" datatype="Varchar" isMandatory="" name="AddressLine4" spChar="" spellError=""/>
								
								<column confScore="" coordinates="0,0,0,0" datatype="Varchar" isMandatory="" name="StateCode" spChar="" spellError=""/>
								
								<column confScore="" coordinates="0,0,0,0" datatype="Varchar" isMandatory="" name="Multi Indicator" spChar="" spellError=""/>
								
								<column confScore="" coordinates="0,0,0,0" datatype="Varchar" isMandatory="" name="NPNNumber" spChar="" spellError=""/>
							 
                            </row>

                        </subsection>

                        <subsection hasRepeat="false" id="2" name="Additional Details">

                            <row value="0">
								
								<column datatype="Varchar" isMandatory="" name="DocTypeCode">DocTypeCode</column>

                                <column datatype="Varchar" isMandatory="" name="DocDetailsTypeCode">DocDetailsTypeCode</column>
								
								<column datatype="Varchar" isMandatory="" name="City">City</column>
								
								<column datatype="Varchar" isMandatory="" name="ZipCode">ZipCode</column>
								
								<column datatype="Varchar" isMandatory="" name="ZipCodeSuffix">ZipCodeSuffix</column>
								
								<column datatype="Varchar" isMandatory="" name="ContractStatus">ContractStatus</column>
								
								<column datatype="Varchar" isMandatory="" name="RoleTypeCode">RoleTypeCode</column>
								
								<column datatype="Varchar" isMandatory="" name="RiderCode">RiderCode</column>
								
								<column datatype="Varchar" isMandatory="" name="CaseID">CaseID</column>
								
								<column datatype="Varchar" isMandatory="" name="RPSCaseID">RPSCaseID</column>
								
								<column datatype="Varchar" isMandatory="" name="AddressType">AddressType</column>
								
								<column datatype="Varchar" isMandatory="" name="TaxIDTypeCode">TaxIDTypeCode</column>
								
								<column datatype="Varchar" isMandatory="" name="MailAddressEffectiveDate">MailAddressEffectiveDate</column>
								
								<column datatype="Varchar" isMandatory="" name="AddressTypeCode">AddressTypeCode</column>
								
								<column datatype="Varchar" isMandatory="" name="AddressEffectiveDate">AddressEffectiveDate</column>
								
								<column datatype="Varchar" isMandatory="" name="AddressID">AddressID</column>
						
								<column datatype="Varchar" isMandatory="" name="DirectoryID">DirectoryID</column>
								
								<column datatype="Varchar" isMandatory="" name="SignatureOnFileIndicator">SignatureOnFileIndicator</column>
								
								<column datatype="Varchar" isMandatory="" name="ClientID">ClientID</column>
								
								<column datatype="Varchar" isMandatory="" name="DirectoryStatusCode">DirectoryStatusCode</column>
								
								<column datatype="Varchar" isMandatory="" name="CRDNumber">CRDNumber</column>
								
								<column datatype="Varchar" isMandatory="" name="RestrictIndicator">RestrictIndicator</column>
								
								<column datatype="Varchar" isMandatory="" name="CountryCode">CountryCode</column>
								
								<column datatype="Varchar" isMandatory="" name="InvalidAddressInd">InvalidAddressInd</column>
								
								<column datatype="Varchar" isMandatory="" name="LookupSource">LookupSource</column>
								
								<column datatype="Varchar" isMandatory="" name="UploadStatus">UploadStatus</column>	
								
								<column datatype="Varchar" isMandatory="" name="On-us">On-us</column>
								
								<column datatype="Varchar" isMandatory="" name="Aux-on-us">Aux-on-us</column>
								
								<column datatype="Varchar" isMandatory="" name="EPC">EPC</column>
								
								<column datatype="Varchar" isMandatory="" name="CheckType">CheckType</column>
							
                            </row>

                            <row value="1">

								<column confScore="" coordinates="0,0,0,0" datatype="Varchar" isMandatory="" name="DocTypeCode" spChar="" spellError=""/>
								
								<column confScore="" coordinates="0,0,0,0" datatype="Varchar" isMandatory="" name="DocDetailsTypeCode" spChar="" spellError=""/>

								<column confScore="" coordinates="0,0,0,0" datatype="Varchar" isMandatory="" name="City" spChar="" spellError=""/>
								
								<column confScore="" coordinates="0,0,0,0" datatype="Varchar" isMandatory="" name="ZipCode" spChar="" spellError=""/>
								
								<column confScore="" coordinates="0,0,0,0" datatype="Varchar" isMandatory="" name="ZipCodeSuffix" spChar="" spellError=""/>
								
								<column confScore="" coordinates="0,0,0,0" datatype="Varchar" isMandatory="" name="ContractStatus" spChar="" spellError=""/>

								<column confScore="" coordinates="0,0,0,0" datatype="Varchar" isMandatory="" name="RoleTypeCode" spChar="" spellError=""/>
								
								<column confScore="" coordinates="0,0,0,0" datatype="Varchar" isMandatory="" name="RiderCode" spChar="" spellError=""/>
								
								<column confScore="" coordinates="0,0,0,0" datatype="Varchar" isMandatory="" name="CaseID" spChar="" spellError=""/>
								
								<column confScore="" coordinates="0,0,0,0" datatype="Varchar" isMandatory="" name="RPSCaseID" spChar="" spellError=""/>
								
								<column confScore="" coordinates="0,0,0,0" datatype="Varchar" isMandatory="" name="AddressType" spChar="" spellError=""/>
								
								<column confScore="" coordinates="0,0,0,0" datatype="Varchar" isMandatory="" name="TaxIDTypeCode" spChar="" spellError=""/>
								
								<column confScore="" coordinates="0,0,0,0" datatype="Varchar" isMandatory="" name="MailAddressEffectiveDate" spChar="" spellError=""/>
								
							    <column confScore="" coordinates="0,0,0,0" datatype="Varchar" isMandatory="" name="AddressTypeCode" spChar="" spellError=""/>
								
								<column confScore="" coordinates="0,0,0,0" datatype="Varchar" isMandatory="" name="AddressEffectiveDate" spChar="" spellError=""/>
								 
								<column confScore="" coordinates="0,0,0,0" datatype="Varchar" isMandatory="" name="AddressID" spChar="" spellError=""/>
								 
								<column confScore="" coordinates="0,0,0,0" datatype="Varchar" isMandatory="" name="DirectoryID" spChar="" spellError=""/>
								 
								<column confScore="" coordinates="0,0,0,0" datatype="Varchar" isMandatory="" name="SignatureOnFileIndicator" spChar="" spellError=""/>
								 
								<column confScore="" coordinates="0,0,0,0" datatype="Varchar" isMandatory="" name="ClientID" spChar="" spellError=""/>
								 
								<column confScore="" coordinates="0,0,0,0" datatype="Varchar" isMandatory="" name="DirectoryStatusCode" spChar="" spellError=""/>
								
								<column confScore="" coordinates="0,0,0,0" datatype="Varchar" isMandatory="" name="CRDNumber" spChar="" spellError=""/>
								
								<column confScore="" coordinates="0,0,0,0" datatype="Varchar" isMandatory="" name="RestrictIndicator" spChar="" spellError=""/>
							
								<column confScore="" coordinates="0,0,0,0" datatype="Varchar" isMandatory="" name="CountryCode" spChar="" spellError=""/>
								
								<column confScore="" coordinates="0,0,0,0" datatype="Varchar" isMandatory="" name="InvalidAddressInd" spChar="" spellError=""/>
								
								<column confScore="" coordinates="0,0,0,0" datatype="Varchar" isMandatory="" name="LookupSource" spChar="" spellError=""/>
								
								<column confScore="" coordinates="0,0,0,0" datatype="Varchar" isMandatory="" name="UploadStatus" spChar="" spellError=""/>
								
								<column confScore="" coordinates="0,0,0,0" datatype="Varchar" isMandatory="" name="On-us" spChar="" spellError=""/>
								
								<column confScore="" coordinates="0,0,0,0" datatype="Varchar" isMandatory="" name="Aux-on-us" spChar="" spellError=""/>
								
								<column confScore="" coordinates="0,0,0,0" datatype="Varchar" isMandatory="" name="EPC" spChar="" spellError=""/>
								
								<column confScore="" coordinates="0,0,0,0" datatype="Varchar" isMandatory="" name="CheckType" spChar="" spellError=""/>
							                  
                            </row>

                        </subsection>

                    </section>

                </page>

            </subgroup>

        </group>

    </data>

</DIU>